status,priority,section,level,company,code,desc,notes
pending,P2,1.1 AI 算力芯片（GPU / AI 加速器）,🌍 全球龙头,英伟达 NVIDIA,NVDA,数据中心 GPU 市占 90%+，AI 芯片 81% | Q3 FY2026 营收 570 亿美元（数据中心 512 亿）,
pending,P2,1.1 AI 算力芯片（GPU / AI 加速器）,🌍 全球龙二,AMD,AMD,GPU 市占约 8% | Q1 2026 营收 103 亿美元（+38%）,
pending,P2,1.1 AI 算力芯片（GPU / AI 加速器）,🌍 全球追赶,英特尔 Intel,INTC,"独立 GPU 几乎出局 | 借""Terafab""争夺 AI 大客户",
pending,P2,1.1 AI 算力芯片（GPU / AI 加速器）,🌍 全球 ASIC,博通 Broadcom,AVGO,AI ASIC 定制芯片龙头 | 预测 2026 年 AI 芯片营收将达 1000 亿美元,
pending,P2,1.1 AI 算力芯片（GPU / AI 加速器）,🇨🇳 中国龙一,海光信息,688041,国产 x86 高端处理器龙头 | 营收 40.34 亿（+68%），净利 6.87 亿,
pending,P2,1.1 AI 算力芯片（GPU / AI 加速器）,🇨🇳 中国龙二,寒武纪,688256,国产 AI 芯片标杆 | 营收 28.85 亿（+159%），净利预增 575%,
pending,P2,1.1 AI 算力芯片（GPU / AI 加速器）,🇨🇳 中国梯队,摩尔线程,科创板,国产 GPGPU 第二梯队 | Q1 扭亏为盈；展示 256GPU 超节点,
pending,P2,1.1 AI 算力芯片（GPU / AI 加速器）,🇨🇳 中国梯队,沐曦股份,科创板,国产 GPGPU | 2025H1 GPU 销量超 2.5 万颗,
pending,P2,1.1 AI 算力芯片（GPU / AI 加速器）,🇨🇳 中国梯队,壁仞科技,港股,BR100 达 PFLOPS 级别 | 已签署 12.4 亿框架协议,
pending,P2,1.1 AI 算力芯片（GPU / AI 加速器）,🇨🇳 中国梯队,天数智芯,港股,客户超 290 家 | 2025H1 GPU 出货 1.57 万片,
pending,P2,1.1 AI 算力芯片（GPU / AI 加速器）,🇨🇳 中国梯队,景嘉微,300474,军用 GPU → AI 芯片转型 | 国产 GPU 稀缺标的,
pending,P2,1.1 AI 算力芯片（GPU / AI 加速器）,🇨🇳 中国梯队,龙芯中科,688047,自主 LoongArch CPU + GPGPU 布局 | 自主指令集架构,
pending,P1,1.2 AI 服务器,🌍 全球 ODM 龙一,工业富联,601138,全球 AI 服务器代工市占 40%+ | 在手订单超 280 亿，排至 2028 年,
pending,P1,1.2 AI 服务器,🌍 全球 ODM 龙二,广达,2382.TW,全球 ODM 份额约 25% | 2026 年 AI 服务器三位数增长,
pending,P1,1.2 AI 服务器,🌍 全球 ODM 龙三,纬创,3231.TW,全球 ODM 份额约 16% | 2026 年 AI 服务器高双位数增长,
pending,P1,1.2 AI 服务器,🌍 全球品牌龙一,戴尔,DELL,AI 服务器品牌商龙头 | 积压订单约 430 亿美元,
pending,P1,1.2 AI 服务器,🌍 全球品牌龙二,惠普 HPE,HPE,品牌商第二梯队 | 2026 年股价 YTD+20%,
pending,P1,1.2 AI 服务器,🌍 全球品牌,超微 SMCI,SMCI,液冷 AI 服务器先锋 | 2026 年股价 YTD-7%,
pending,P1,1.2 AI 服务器,🇨🇳 中国龙二,浪潮信息,000977,国内 AI 服务器市占 52%+ | 合同负债 315 亿（+178%）,
pending,P1,1.2 AI 服务器,🇨🇳 中国梯队,中科曙光,603019,超算国家队 | 国家算力互联网平台建设主力,
pending,P1,1.2 AI 服务器,🇨🇳 中国梯队,紫光股份,000938,新华三全栈方案 | Q1 末预付款 49.51 亿,
pending,P1,1.2 AI 服务器,🇨🇳 中国梯队,华勤技术,603296,全球领先 ODM | 深度参与超节点服务器配套,
pending,P1,1.2 AI 服务器,🇨🇳 信创服务器,拓维信息,002261,华为昇腾生态服务器 | 鲲鹏+昇腾双线,
pending,P1,1.2 AI 服务器,🇨🇳 信创服务器,神州数码,000034,鲲鹏服务器 | 信创,
pending,P1,1.2 AI 服务器,🇨🇳 信创服务器,中国长城,000066,飞腾服务器 | 信创主力,
pending,P1,1.2 AI 服务器,🇨🇳 信创服务器,广电运通,002152,算力（广电五舟） | 金融信创,
pending,P2,1.3 晶圆代工与先进封装,🌍 全球绝对龙头,台积电,TSM,晶圆代工市占率 72% | CoWoS 产能 2025 年已翻倍,
pending,P2,1.3 晶圆代工与先进封装,🌍 全球龙二,三星电子,005930.KS,晶圆代工市占 6.8% | 2nm 率先量产,
pending,P2,1.3 晶圆代工与先进封装,🇨🇳 中国龙一,中芯国际,688981,全球晶圆代工第三 | 在建工程超 800 亿,
pending,P2,1.3 晶圆代工与先进封装,🇨🇳 中国龙二,华虹半导体,688347,特色代工（BCD/eNVM/IGBT） | 特色工艺龙头,
pending,P2,1.3 晶圆代工与先进封装,🇨🇳 封装龙一,长电科技,600584,对标台积电高端封测 | 2026 年固投预算约 100 亿,
pending,P2,1.3 晶圆代工与先进封装,🇨🇳 封装龙二,通富微电,002156,HBM3e 堆叠封装龙头 | 拟定增 44 亿扩存储封测,
pending,P2,1.3 晶圆代工与先进封装,🇨🇳 封装龙三,华天科技,002185,TSV/CIS/SiP | 封测龙三,
pending,P2,1.3 晶圆代工与先进封装,🇨🇳 封装梯队,甬矽电子,688362,Fan-out/SiP | 先进封装新锐,
pending,P2,1.3 晶圆代工与先进封装,🇨🇳 封装梯队,晶方科技,603005,TSV/CIS 封装 | 图像传感器封测龙头,
pending,P2,1.3 晶圆代工与先进封装,🇨🇳 封装梯队,晶盛机电,300316,半导体装备 | 未完成合同超 37 亿,
pending,P2,1.3 晶圆代工与先进封装,🇨🇳 Chiplet,芯原股份,688521,Chiplet IP / UCIe 接口 | 芯片 IP 龙头,
pending,P2,1.4 芯片设计 / IP / EDA,,华大九天,301269,EDA 全流程龙头,
pending,P2,1.4 芯片设计 / IP / EDA,,概伦电子,688206,EDA（SPICE/建模）,
pending,P2,1.4 芯片设计 / IP / EDA,,广立微,301095,EDA（良率提升）,
pending,P2,1.4 芯片设计 / IP / EDA,,芯原股份,688521,芯片 IP + 设计服务（全球前七）,
pending,P2,1.4 芯片设计 / IP / EDA,,国芯科技,688262,CPU IP + 定制芯片,
pending,P2,1.4 芯片设计 / IP / EDA,,灿芯股份,688691,芯片设计服务,
pending,P2,1.4 芯片设计 / IP / EDA,,紫光国微,002049,FPGA（Titan/Logos 系列）,
pending,P2,1.4 芯片设计 / IP / EDA,,复旦微电,688385,FPGA + PSoC,
pending,P2,1.4 芯片设计 / IP / EDA,,安路科技,688107,FPGA（PH1A/ELF 系列）,
pending,P2,1.4 芯片设计 / IP / EDA,,瑞芯微,603893,AI SOC 芯片（RK 系列端侧 AI）,
pending,P2,1.4 芯片设计 / IP / EDA,,全志科技,300458,AI SOC 芯片（RISC-V）,
pending,P2,1.4 芯片设计 / IP / EDA,,恒玄科技,688608,AI 音频 SOC,
pending,P2,1.4 芯片设计 / IP / EDA,,晶晨股份,688099,AI 多媒体 SOC,
pending,P1,1.5 半导体设备,🌍 全球设备龙一,应用材料 AMAT,AMAT,薄膜+刻蚀全球龙头 | —,
pending,P1,1.5 半导体设备,🌍 全球设备龙二,泛林 LRCX,LRCX,刻蚀全球龙头 | —,
pending,P1,1.5 半导体设备,🌍 全球量测,科磊 KLAC,KLAC,半导体检测全球龙头 | —,
pending,P1,1.5 半导体设备,🇨🇳 中国设备龙一,北方华创,002371,刻蚀/薄膜/清洗/炉管 | 单季度营收首破百亿,
pending,P1,1.5 半导体设备,🇨🇳 中国设备龙二,中微公司,688012,高端刻蚀+LPCVD/ALD | 净利+197% 创历史新高,
pending,P1,1.5 半导体设备,🇨🇳 中国设备梯队,拓荆科技,688072,CVD/PVD 薄膜设备 | 净利同比增长逾 400%,
pending,P1,1.5 半导体设备,🇨🇳 中国设备梯队,盛美上海,688082,清洗设备龙头 | —,
pending,P1,1.5 半导体设备,🇨🇳 中国设备梯队,华海清科,688120,CMP 设备龙头 | —,
pending,P1,1.5 半导体设备,🇨🇳 中国设备梯队,芯源微,688037,涂胶显影/清洗 | —,
pending,P1,1.5 半导体设备,🇨🇳 中国设备梯队,长川科技,300604,测试机/分选机 | —,
pending,P1,1.5 半导体设备,🇨🇳 中国设备梯队,华峰测控,688200,模拟测试机 | —,
pending,P1,1.5 半导体设备,🇨🇳 中国设备梯队,精测电子,300567,半导体检测设备 | —,
pending,P1,1.5 半导体设备,🇨🇳 中国设备梯队,至纯科技,603690,高纯工艺/湿法清洗 | —,
pending,P1,1.5 半导体设备,🇨🇳 中国设备梯队,万业企业,600641,离子注入机 | —,
pending,P1,1.5 半导体设备,🇨🇳 中国设备梯队,京仪装备,688652,半导体温控/废气处理 | —,
pending,P3,1.6 半导体材料,,🇨🇳 硅片,沪硅产业,688126 | 300mm 大硅片,
pending,P3,1.6 半导体材料,,🇨🇳 硅片,立昂微,605358 | 硅片（轻掺/重掺）,
pending,P3,1.6 半导体材料,,🇨🇳 硅片,TCL 中环,002432 | 大硅片,
pending,P3,1.6 半导体材料,,🇨🇳 CMP,安集科技,688019 | CMP 抛光液（HBM 相关收入占 25%）,
pending,P3,1.6 半导体材料,,🇨🇳 CMP,鼎龙股份,300054 | CMP 抛光垫,
pending,P3,1.6 半导体材料,,🇨🇳 前驱体,雅克科技,002409 | HBM 前驱体国内唯一,
pending,P3,1.6 半导体材料,,🇨🇳 特气,华特气体,688268 | 电子特气,
pending,P3,1.6 半导体材料,,🇨🇳 特气,金宏气体,688106 | 电子特气,
pending,P3,1.6 半导体材料,,🇨🇳 光刻胶,南大光电,300346 | MO 源/ArF 光刻胶,
pending,P3,1.6 半导体材料,,🇨🇳 光刻胶,晶瑞电材,300655 | 光刻胶/超纯试剂,
pending,P3,1.6 半导体材料,,🇨🇳 光刻胶,彤程新材,603650 | 光刻胶（ArF/g-line）,
pending,P3,1.6 半导体材料,,🇨🇳 光刻胶,上海新阳,300236 | 电镀液/清洗液/光刻胶,
pending,P3,1.6 半导体材料,,🇨🇳 靶材,江丰电子,300918 | 溅射靶材,
pending,P3,1.6 半导体材料,,🇨🇳 靶材,有研新材,600206 | 靶材/稀土材料,
pending,P3,1.6 半导体材料,,🇨🇳 填料,联瑞新材,688300 | 硅微粉（封装/覆铜板填料）,
pending,P3,1.6 半导体材料,,🇨🇳 湿化学,江化微,603078 | 超纯湿电子化学品,
pending,P1,1.7 算力租赁与 AIDC（智算中心）,🌍 全球龙一,Equinix,EQIX,零售托管全球龙头 | 2026 年营收指引 101-102 亿美元,
pending,P1,1.7 算力租赁与 AIDC（智算中心）,🌍 全球龙二,Digital Realty,DLR,批发托管全球龙头 | 为 AI 集群提供大功率支持,
pending,P1,1.7 算力租赁与 AIDC（智算中心）,🇨🇳 中国龙一,润泽科技,300442,AIDC 运营龙头 | 规划算力达 6GW,
pending,P1,1.7 算力租赁与 AIDC（智算中心）,🇨🇳 中国特色,协鑫能科,002015,算电协同龙头 | 绿电+储能+算力直供,
pending,P1,1.7 算力租赁与 AIDC（智算中心）,🇨🇳 中国特色,大唐发电,601991,中卫算电协同 | 50 万千瓦光伏直供,
pending,P1,1.7 算力租赁与 AIDC（智算中心）,🇨🇳 IDC,光环新网,300383,一线城市 IDC | AWS 合作伙伴,
pending,P1,1.7 算力租赁与 AIDC（智算中心）,🇨🇳 IDC,数据港,603881,阿里云定制化 IDC | 阿里供应商,
pending,P1,1.7 算力租赁与 AIDC（智算中心）,🇨🇳 IDC,奥飞数据,300738,华南 IDC 龙头 | —,
pending,P1,1.7 算力租赁与 AIDC（智算中心）,🇨🇳 IDC,宝信软件,600845,宝之云 IDC | 钢铁+IDC 双轮,
pending,P1,1.7 算力租赁与 AIDC（智算中心）,🇨🇳 算力调度,首都在线,300846,边缘云/全球云 | 算力调度平台,
pending,P1,1.7 算力租赁与 AIDC（智算中心）,🇨🇳 算力调度,优刻得,688158,中立云服务 | 算力平台,
pending,P1,1.7 算力租赁与 AIDC（智算中心）,🇨🇳 算力调度,网宿科技,300017,CDN + 边缘计算 | 算力网络,
pending,P1,1.8 AI服务器电源管理芯片（PMIC / 模拟芯片） 🆕,,杰华特,688141,AI服务器多相电源/DrMOS/VRM | 虚拟IDM，服务器DrMOS和多相控制器核心标的,
pending,P1,1.8 AI服务器电源管理芯片（PMIC / 模拟芯片） 🆕,,晶丰明源,688368,服务器电源管理/多相控制器 | LED电源→服务器PMIC转型,
pending,P1,1.8 AI服务器电源管理芯片（PMIC / 模拟芯片） 🆕,,思瑞浦,688536,信号链+电源管理(高性能PMIC) | 车规/服务器双线布局,
pending,P1,1.8 AI服务器电源管理芯片（PMIC / 模拟芯片） 🆕,,南芯科技,688484,电荷泵/电源管理芯片 | 手机快充→服务器PMIC,
pending,P1,1.8 AI服务器电源管理芯片（PMIC / 模拟芯片） 🆕,,上海贝岭,600171,电源管理/ADC/信号链 | 央企模拟芯片平台,
pending,P1,1.8 AI服务器电源管理芯片（PMIC / 模拟芯片） 🆕,,翱捷科技,688220,电源管理+物联网SoC | 猫头鹰PMIC系列,
pending,P1,1.8 AI服务器电源管理芯片（PMIC / 模拟芯片） 🆕,,必易微,688045,电源管理芯片 | 快充/适配器/家电→服务器,
pending,P1,1.8 AI服务器电源管理芯片（PMIC / 模拟芯片） 🆕,,希荻微,688173,电源管理/电池管理 | 手机/平板→服务器,
pending,P1,1.8 AI服务器电源管理芯片（PMIC / 模拟芯片） 🆕,,力芯微,688601,电源管理芯片 | 消费电子PMIC,
pending,P1,1.8 AI服务器电源管理芯片（PMIC / 模拟芯片） 🆕,,圣邦股份,300661,高性能模拟芯片(电源/信号链) | 模拟芯片龙一，DDR5配套PMIC,
pending,P1,1.8 AI服务器电源管理芯片（PMIC / 模拟芯片） 🆕,,帝奥微,688381,高性能模拟开关/信号链 | 高速开关/接口,
pending,P1,1.8 AI服务器电源管理芯片（PMIC / 模拟芯片） 🆕,,芯朋微,688508,电源管理IC | 家电→工业→服务器,
pending,P1,1.9 服务器配套（管理芯片 / 时钟晶振 / 高速连接器 / 结构件） 🆕,🌍 BMC龙头(台),信骅,5274.TW,服务器BMC管理芯片全球龙一 | 全球市占超70%,
pending,P1,1.9 服务器配套（管理芯片 / 时钟晶振 / 高速连接器 / 结构件） 🆕,🇨🇳 时钟晶振龙一,泰晶科技,603738,石英晶体谐振器/振荡器/RTC | 625MHz超低抖动晶振，赋能CPO 1.6T/3.2T,
pending,P1,1.9 服务器配套（管理芯片 / 时钟晶振 / 高速连接器 / 结构件） 🆕,🇨🇳 时钟晶振龙二,惠伦晶体,300460,石英晶体元器件 | 车规/服务器级晶振,
pending,P1,1.9 服务器配套（管理芯片 / 时钟晶振 / 高速连接器 / 结构件） 🆕,🇨🇳 时钟晶振梯队,东晶电子,002199,石英晶体谐振器 | 配套服务器/通信,
pending,P1,1.9 服务器配套（管理芯片 / 时钟晶振 / 高速连接器 / 结构件） 🆕,🇨🇳 高速连接器龙一,华丰科技,688629,高速背板连接器(华为昇腾核心伙伴) | 2025年营收252.8亿(+131%)，净利35.9亿,
pending,P1,1.9 服务器配套（管理芯片 / 时钟晶振 / 高速连接器 / 结构件） 🆕,🇨🇳 高速连接器龙二,中航光电,002179,高端连接器(军工/通信) | AI服务器高速I/O,
pending,P1,1.9 服务器配套（管理芯片 / 时钟晶振 / 高速连接器 / 结构件） 🆕,🇨🇳 服务器电源龙一,欧陆通,300870,服务器电源模块 | AI服务器电源模组量产出货,
pending,P1,1.9 服务器配套（管理芯片 / 时钟晶振 / 高速连接器 / 结构件） 🆕,🇨🇳 服务器电源梯队,麦格米特,002851,服务器电源+液冷方案 | PMBus数字电源,
pending,P1,1.9 服务器配套（管理芯片 / 时钟晶振 / 高速连接器 / 结构件） 🆕,🇨🇳 服务器结构件,可立克,002782,磁性元件/结构件 | 服务器电感/变压器,
pending,P2,1.10 芯片散热 / 导热界面材料（TIM）/ 电磁屏蔽（EMI） 🆕,,中石科技,300684,导热界面材料+EMI屏蔽+人工石墨 | AI芯片散热核心，英伟达供应链,
pending,P2,1.10 芯片散热 / 导热界面材料（TIM）/ 电磁屏蔽（EMI） 🆕,,思泉新材,301489,人工石墨散热膜/导热垫片/均温板 | AI服务器散热驱动成长,
pending,P2,1.10 芯片散热 / 导热界面材料（TIM）/ 电磁屏蔽（EMI） 🆕,,方邦股份,688020,电磁屏蔽膜/超薄电解铜箔 | EMI屏蔽膜龙一,
pending,P2,1.10 芯片散热 / 导热界面材料（TIM）/ 电磁屏蔽（EMI） 🆕,,斯迪克,300806,导热/屏蔽胶带 | 功能性涂层复合材料,
pending,P2,1.10 芯片散热 / 导热界面材料（TIM）/ 电磁屏蔽（EMI） 🆕,,博迁新材,605376,镍粉(MLCC/散热材料) | 电子浆料上游,
pending,P2,1.11 半导体量测与检测设备（AI芯片制造关键环节） 🆕,,中科飞测,688361,无图形缺陷检测+光学关键尺寸量测 | 国产量测设备龙一,
pending,P2,1.11 半导体量测与检测设备（AI芯片制造关键环节） 🆕,,华兴源创,688001,半导体SoC/存储测试设备 | 平板→半导体测试转型,
pending,P2,1.11 半导体量测与检测设备（AI芯片制造关键环节） 🆕,,天准科技,688003,精密测量/视觉检测设备 | AI+机器视觉量测,
pending,P2,1.11 半导体量测与检测设备（AI芯片制造关键环节） 🆕,,联动科技,301369,分立器件/功率器件测试机 | 功率半导体测试,
pending,P2,1.11 半导体量测与检测设备（AI芯片制造关键环节） 🆕,,和林微纳,688661,测试探针/MEMS探针卡 | 半导体测试探针国产替代,
pending,P2,1.11 半导体量测与检测设备（AI芯片制造关键环节） 🆕,,赛腾股份,603283,HBM全制程检测设备 | 已列，订单超20亿,
pending,P1,2.1 光模块,🌍 全球龙一,中际旭创,300308,全球光模块市占 28-30% | Q1 营收 195 亿（+192%），净利 57 亿,
pending,P1,2.1 光模块,🌍 全球龙二,新易盛,300502,全球市占 15-18% | 营收 83.38 亿（+105%），净利 27.8 亿,
pending,P1,2.1 光模块,🌍 全球龙三,Coherent,COHR,全球市占 12-15% | 硅光/CPO 双线布局,
pending,P1,2.1 光模块,🌍 全球梯队,Lumentum,LITE,高端放大器龙头 | 2026 财年营收指引 29-31 亿美元,
pending,P1,2.1 光模块,🇨🇳 中国弹性,东山精密,002384,索尔思切入英伟达 | Q1 净利+143%,
pending,P1,2.1 光模块,🇨🇳 中国梯队,剑桥科技,603083,高速光模块供应商 | Q1 净利+276%,
pending,P1,2.1 光模块,🇨🇳 中国梯队,博创科技,300548,光器件齐全 | 盈利能力超预期,
pending,P1,2.1 光模块,🇨🇳 中国梯队,天孚通信,300394,光引擎/FA/光器件 | 光模块上游核心器件龙头,
pending,P1,2.1 光模块,🇨🇳 中国梯队,光迅科技,002281,全系列光模块 + 光芯片 | 央企/烽火系,
pending,P1,2.1 光模块,🇨🇳 中国梯队,联特科技,301205,800G 光模块 | 高速率新锐,
pending,P1,2.1 光模块,🇨🇳 中国梯队,华工科技,000988,光模块 + 光芯片 + 激光 | 多元平台,
pending,P1,2.1 光模块,🇨🇳 中国梯队,德科立,688205,长距离传输光模块 | 骨干网,
pending,P1,2.1 光模块,🇨🇳 中国梯队,太辰光,300570,光纤连接器 MT 插芯 | MT 插芯龙头,
pending,P1,2.1 光模块,🇨🇳 中国梯队,光库科技,300620,无源光器件 | 隔离器/合束器,
pending,P2,2.2 光芯片,🌍 全球龙一,Lumentum,LITE,100G EML 全球市占近 70% | 订单排至 2027 年底,
pending,P2,2.2 光芯片,🌍 全球缺口,**EML 缺口 1.5 亿颗**,—,需求 3.5 亿，产能仅 2 亿 | **国产化率仅 4%**,
pending,P2,2.2 光芯片,🇨🇳 中国龙一,源杰科技,688498,CW 光源+EML 双布局 | 营收 6.01 亿（+138%），扭亏为盈,
pending,P2,2.2 光芯片,🇨🇳 中国龙二,长光华芯,688048,100G EML 量产 | 200G EML 送样,
pending,P2,2.2 光芯片,🇨🇳 中国梯队,仕佳光子,688313,IDM 全功率 CW 光源 | 境外收入+300%,
pending,P2,2.2 光芯片,🇨🇳 中国材料,福晶科技,002222,全球最大 LBO/BBO 晶体 | 光芯片上游基础材料垄断,
pending,P1,2.3 CPO / 硅光,🌍 全球 CPO 龙一,博通,AVGO,CPO 交换机市占最高 | 51.2T Tomahawk 5 CPO 已量产,
pending,P1,2.3 CPO / 硅光,🌍 全球 CPO 先锋,英伟达,NVDA,Scale-out CPO 率先商用 | Spectrum 为 Vera Rubin 标准规格,
pending,P1,2.3 CPO / 硅光,🇨🇳 中国龙一,中际旭创,300308,1.6T CPO 市占约 50%+ | 3.2T 原型机已送样,
pending,P1,2.3 CPO / 硅光,🇨🇳 中国核心,天孚通信,300394,CPO 光引擎市占约 60% | 深度绑定英伟达、谷歌,
pending,P1,2.3 CPO / 硅光,🇨🇳 中国梯队,光迅科技,002281,全球首发 3.2T 硅光 NPO | 国内唯一 MEMS-OCS 量产,
pending,P1,2.3 CPO / 硅光,🇨🇳 中国梯队,华工科技,000988,1.6T 光模块及 3.2T CPO | 硅光芯片到模块全自研,
pending,P1,2.3 CPO / 硅光,🇨🇳 CPO 设备,杰普特,688025,光模块测试/耦合 | 年内+129%,
pending,P1,2.3 CPO / 硅光,🇨🇳 CPO 设备,凌云光,688400,CPO 检测 | Q1 净利+1233%,
pending,P2,2.4 交换机与交换芯片,🌍 全球龙一,思科 CSCO,CSCO,交换机市占超 30% | AI 交换机订单指引 80% 增长,
pending,P2,2.4 交换机与交换芯片,🌍 全球龙二,华为,—,全球数据中心交换机 34-36% | 国内龙一,
pending,P2,2.4 交换机与交换芯片,🌍 全球龙三,Arista,ANET,高速数据中心交换机 | AI 需求爆发,
pending,P2,2.4 交换机与交换芯片,🌍 交换芯片龙一,博通,AVGO,交换芯片市占超 70% | Tomahawk 5 CPO 版量产,
pending,P2,2.4 交换机与交换芯片,🇨🇳 中国龙二,紫光股份,000938,国内交换机市占第二 | 预付款 49.51 亿锁物料,
pending,P2,2.4 交换机与交换芯片,🇨🇳 中国交换芯片,盛科通信,688702,国产交换芯片绝对龙头 | 25.6T 高端芯片已量产,
pending,P2,2.4 交换机与交换芯片,🇨🇳 中国梯队,锐捷网络,301165,400G/800G 交换机 | 高速交换机收入占比大幅提升,
pending,P2,2.4 交换机与交换芯片,🇨🇳 中国梯队,中兴通讯,000063,交换机 + 路由器（自研芯片） | 通信全栈,
pending,P3,2.5 光纤光缆,🌍 全球龙一,康宁,GLW,全球光纤市占约 19% | 英伟达 32 亿美元锁定产能,
pending,P3,2.5 光纤光缆,🌍 全球龙二,长飞光纤,601869,全球市占约 13% | 预制棒份额连续 9 年超 11%,
pending,P3,2.5 光纤光缆,🌍 全球龙三,中天科技,600522,全球市占约 11.3% | Q1 净利+46%,
pending,P3,2.5 光纤光缆,🌍 全球龙四,亨通光电,600487,全球市占约 11.2% | Q1 净利+98.5%,
pending,P3,2.5 光纤光缆,🌍 全球龙六,烽火通信,600498,全球市占约 9.8% | OTN 领域实力雄厚,
pending,P2,2.6 PCB（印制电路板）,,🇨🇳 AI PCB 龙头,沪电股份,002463 | 高多层服务器/交换机 PCB,
pending,P2,2.6 PCB（印制电路板）,,🇨🇳 三强,深南电路,002916 | 封装载板 + 高多层 PCB,
pending,P2,2.6 PCB（印制电路板）,,🇨🇳 三强,兴森科技,002436 | FCBGA 载板,
pending,P2,2.6 PCB（印制电路板）,,🇨🇳 FPC 龙一,鹏鼎控股,002938 | FPC + HDI + SLD,
pending,P2,2.6 PCB（印制电路板）,,🇨🇳 弹性标的,东山精密,002384 | FPC + 通信 PCB + LED,
pending,P2,2.6 PCB（印制电路板）,,🇨🇳 服务器 PCB,胜宏科技,300476 | 高多层/HDI 数据中心板,
pending,P2,2.6 PCB（印制电路板）,,🇨🇳 多元 PCB,景旺电子,603228 | 多品类 PCB（汽车+服务器）,
pending,P2,2.6 PCB（印制电路板）,,🇨🇳 梯队,奥士康,002913 | 多层 PCB（服务器/通信）,
pending,P2,2.6 PCB（印制电路板）,,🇨🇳 梯队,世运电路,300979 | 多层 PCB（汽车/服务器）,
pending,P2,2.6 PCB（印制电路板）,,🇨🇳 梯队,生益电子,688183 | 高端 PCB（服务器/通信）,
pending,P2,2.6 PCB（印制电路板）,,🇨🇳 梯队,崇达技术,002815 | 多层 PCB,
pending,P2,2.7 铜互连 / AEC / ACC / 连接器,,立讯精密,002475,连接器龙头 + 铜互连 + AEC + 整机,
pending,P2,2.7 铜互连 / AEC / ACC / 连接器,,神宇股份,300563,高速铜缆（DAC 线缆）,
pending,P2,2.7 铜互连 / AEC / ACC / 连接器,,沃尔核材,002130,高速通信线材（铜互连材料）,
pending,P2,2.7 铜互连 / AEC / ACC / 连接器,,金信诺,300252,高速连接器 + 线缆,
pending,P2,2.7 铜互连 / AEC / ACC / 连接器,,鼎通科技,688668,I/O 连接器组件,
pending,P2,2.7 铜互连 / AEC / ACC / 连接器,,奕东电子,301123,FPC/连接器/精密组件,
pending,P2,2.7 铜互连 / AEC / ACC / 连接器,,得润电子,002055,电子连接器,
pending,P2,2.7 铜互连 / AEC / ACC / 连接器,,徕木股份,603633,精密连接器,
pending,P2,2.7 铜互连 / AEC / ACC / 连接器,,中航光电,002179,高端连接器（军工/通信）,
pending,P2,2.7 铜互连 / AEC / ACC / 连接器,,航天电器,002025,高端连接器（军工）,
pending,P2,2.7 铜互连 / AEC / ACC / 连接器,,意华股份,002897,通信连接器,
pending,P2,2.7 铜互连 / AEC / ACC / 连接器,,电连技术,300679,射频连接器,
pending,P2,2.7 铜互连 / AEC / ACC / 连接器,,长盈精密,300115,连接器/屏蔽件/结构件,
pending,P3,2.8 覆铜板（CCL）,,生益科技,600183,覆铜板（全球龙一）,
pending,P3,2.8 覆铜板（CCL）,,金安国纪,002636,覆铜板（中低端）,
pending,P3,2.8 覆铜板（CCL）,,华正新材,603186,覆铜板 + 绝缘材料,
pending,P3,2.8 覆铜板（CCL）,,超华科技,002288,覆铜板 + PCB,
pending,P3,2.8 覆铜板（CCL）,,南亚新材,688519,覆铜板,
pending,P3,2.8 覆铜板（CCL）,,宏昌电子,603002,覆铜板用环氧树脂,
pending,P3,2.9 光通信精密光学元件 🆕,🇨🇳 龙一,腾景科技,688195,精密光学元件(滤波片/偏振器件/隔离器) | 400G/800G高速光模块,
pending,P3,2.9 光通信精密光学元件 🆕,🇨🇳 梯队,福晶科技,002222,全球最大LBO/BBO晶体 | 已列，光学晶体垄断级,
pending,P3,2.9 光通信精密光学元件 🆕,🇨🇳 梯队,波长光电,301421,红外/可见光精密光学元件 | 光通信+激光双线,
pending,P3,2.9 光通信精密光学元件 🆕,🇨🇳 梯队,蓝特光学,688127,精密光学元件(玻璃非球面透镜) | 车载+光通信,
pending,P3,2.9 光通信精密光学元件 🆕,🇨🇳 梯队,炬光科技,688167,激光光学/光刻用光学系统 | 高功率激光光学,
pending,P3,2.9 光通信精密光学元件 🆕,🇨🇳 梯队,奥普光电,002338,光电测控/精密光学 | 光栅编码器+光学元件,
pending,P2,2.10 光电子器件陶瓷/金属封装外壳 🆕,,中瓷电子,003031,电子陶瓷外壳(AI氮化铝基板) | 全球双寡头之一，光通信陶瓷封装全球领先，AlN薄膜基板批量供货,
pending,P2,2.10 光电子器件陶瓷/金属封装外壳 🆕,,三环集团,300408,陶瓷插芯/陶瓷封装基座(全球龙一) | 光纤连接器陶瓷插芯全球份额超70%,
pending,P2,2.10 光电子器件陶瓷/金属封装外壳 🆕,,宏发股份,600885,继电器+陶瓷封装 | 光通信器件陶瓷管壳,
pending,P3,2.11 磷化铟 / 铌酸锂 / 光电化合物材料 🆕,,云南锗业,002428,磷化铟(InP)衬底/砷化镓(GaAs)衬底 | InP晶片用于光模块激光器/探测器，国内稀缺量产,
pending,P3,2.11 磷化铟 / 铌酸锂 / 光电化合物材料 🆕,,天通股份,600330,铌酸锂晶片(光调制器材料) | SAW滤波器/光调制器用铌酸锂晶片,
pending,P3,2.11 磷化铟 / 铌酸锂 / 光电化合物材料 🆕,,福晶科技,002222,非线性光学晶体+光芯片材料 | 已列，晶体材料全品类,
pending,P3,2.12 光纤上游材料（涂料 / 预制棒原料） 🆕,,飞凯材料,300398,光纤涂料/紫外固化材料 | 光纤涂覆材料国内龙一,
pending,P3,2.12 光纤上游材料（涂料 / 预制棒原料） 🆕,,石英股份,603688,光纤预制棒用高纯石英管 | 光纤制造关键耗材,
pending,P3,2.12 光纤上游材料（涂料 / 预制棒原料） 🆕,,菲利华,300395,光纤预制棒用石英玻璃 | 合成石英/气炼石英,
pending,P3,2.13 光网络设备（OTN/DWDM / 光传输系统） 🆕,,中兴通讯,000063,OTN/DWDM光传输设备（自研芯片）,
pending,P3,2.13 光网络设备（OTN/DWDM / 光传输系统） 🆕,,烽火通信,600498,OTN/SPN全系列传输设备,
pending,P3,2.13 光网络设备（OTN/DWDM / 光传输系统） 🆕,,德科立,688205,长距离光传输/OCS光交换,
pending,P3,2.13 光网络设备（OTN/DWDM / 光传输系统） 🆕,,瑞斯康达,603803,接入网光传输设备,
pending,P3,3.1 DRAM,,🌍 全球龙一,三星电子,005930.KS | DRAM 全球第一（40%+）,
pending,P3,3.1 DRAM,,🌍 全球龙二,SK 海力士,000660.KS | DRAM 全球第二,
pending,P3,3.1 DRAM,,🌍 全球龙三,美光,MU | DRAM 全球第三,
pending,P3,3.1 DRAM,,🇨🇳 中国龙一,兆易创新,603986 | NOR Flash 全球前三，利基 DRAM 国内第一,
pending,P3,3.1 DRAM,,🇨🇳 中国龙二,北京君正,300223 | 车载存储龙头（ISSI 矽成）,
pending,P3,3.1 DRAM,,🇨🇳 中国梯队,东芯股份,688110 | NAND+DRAM 全布局,
pending,P3,3.1 DRAM,,🇨🇳 中国梯队,普冉股份,688766 | NOR Flash + EEPROM,
pending,P3,3.1 DRAM,,🇨🇳 中国梯队,恒烁股份,688416 | NOR Flash + MCU,
pending,P3,3.2 NAND Flash / SSD,,🌍 全球龙一,三星电子,005930.KS | NAND 全球第一,
pending,P3,3.2 NAND Flash / SSD,,🌍 全球龙二,铠侠,285A.T | NAND 第二梯队,
pending,P3,3.2 NAND Flash / SSD,,🇨🇳 中国 SSD 主控,联芸科技,688449 | 国产 SSD 主控龙头,
pending,P3,3.2 NAND Flash / SSD,,🇨🇳 中国模组龙一,江波龙,301308 | A 股存储模组规模第一,
pending,P3,3.2 NAND Flash / SSD,,🇨🇳 中国模组龙二,德明利,002909 | 存储主控+模组,
pending,P3,3.2 NAND Flash / SSD,,🇨🇳 中国模组龙三,佰维存储,688525 | 嵌入式存储+SSD,
pending,P3,3.2 NAND Flash / SSD,,🇨🇳 中国存储封测,深科技,000021 | 存储封测 + 模组,
pending,P1,3.3 HBM（史诗级紧缺）,,🌍 全球 HBM 龙头,SK 海力士,000660.KS | HBM 出货市占 57-62%,
pending,P1,3.3 HBM（史诗级紧缺）,,🌍 全球 HBM 龙二,三星电子,005930.KS | HBM 出货市占约 39%,
pending,P1,3.3 HBM（史诗级紧缺）,,🌍 全球 HBM 龙三,美光,MU | HBM 出货市占约 8%,
pending,P1,3.3 HBM（史诗级紧缺）,,🇨🇳 中国分销核心,香农芯创,300475 | SK 海力士 HBM 国内核心分销,
pending,P1,3.3 HBM（史诗级紧缺）,,🇨🇳 中国前驱体独家,雅克科技,002409 | HBM 前驱体国内唯一,
pending,P1,3.3 HBM（史诗级紧缺）,,🇨🇳 中国检测唯一,赛腾股份,603283 | HBM 全制程检测设备,
pending,P1,3.3 HBM（史诗级紧缺）,,🇨🇳 中国封装,通富微电,002156 | HBM3e 堆叠封装龙头,
pending,P1,3.3 HBM（史诗级紧缺）,,🇨🇳 中国材料,华海诚科,688535 | HBM 专用 GMC（环氧塑封料）,
pending,P1,3.3 HBM（史诗级紧缺）,,🇨🇳 中国材料,安集科技,688019 | CMP 抛光液（HBM 相关收入占 25%）,
pending,P1,3.3 HBM（史诗级紧缺）,,🇨🇳 中国材料,联瑞新材,688300 | 封装用硅微粉（HBM 填料）,
pending,P1,3.3 HBM（史诗级紧缺）,,🇨🇳 中国载板,兴森科技,002436 | FCBGA 载板（HBM 基板）,
pending,P2,3.4 存储接口芯片 / CXL,,🌍 全球龙一,澜起科技,688008 | DDR5 RCD 全球市占超 40%,
pending,P2,3.4 存储接口芯片 / CXL,,🇨🇳 中国配套,聚辰股份,688123 | SPD EEPROM（DDR5 配套）,
pending,P2,3.4 存储接口芯片 / CXL,,🇨🇳 CXL 布局,澜起科技,688008 | CXL MXC 内存扩展控制器,
pending,P2,3.5 存储上游设备与材料,,🌍 全球设备龙一,应用材料,AMAT | 薄膜+刻蚀全球龙头,
pending,P2,3.5 存储上游设备与材料,,🌍 全球设备龙二,泛林,LRCX | 刻蚀全球龙头,
pending,P2,3.5 存储上游设备与材料,,🇨🇳 中国设备龙一,北方华创,002371 | 刻蚀/薄膜/清洗,
pending,P2,3.5 存储上游设备与材料,,🇨🇳 中国设备龙二,中微公司,688012 | 高端刻蚀+LPCVD/ALD,
pending,P2,3.5 存储上游设备与材料,,🇨🇳 中国材料,沪硅产业,688126 | 大硅片/存储芯片基础材料,
pending,P2,3.6 存储主控芯片,,国科微,300672,固态硬盘主控（自研）,
pending,P2,3.6 存储主控芯片,,联芸科技,688449,国产 SSD 主控龙头,
pending,P2,3.6 存储主控芯片,,得一微,IPO 已过会,NAND Flash 主控,
pending,P2,3.6 存储主控芯片,,德明利,002909,存储主控+模组,
pending,P2,3.7 数据存储 / 灾备系统,,同有科技,300302,数据存储/灾备,
pending,P2,3.7 数据存储 / 灾备系统,,海量数据,603138,数据库+存储方案,
pending,P2,3.7 数据存储 / 灾备系统,,浪潮信息,000977,存储服务器,
pending,P2,3.7 数据存储 / 灾备系统,,中科曙光,603019,存储系统（ParaStor）,
pending,P2,3.8 存储封测（细分） 🆕,,长电科技,600584,存储封测（已列）,
pending,P2,3.8 存储封测（细分） 🆕,,通富微电,002156,HBM堆叠封装（已列）,
pending,P2,3.8 存储封测（细分） 🆕,,华天科技,002185,TSV/SiP存储封测（已列）,
pending,P2,3.8 存储封测（细分） 🆕,,甬矽电子,688362,Fan-out/SiP（已列）,
pending,P2,3.8 存储封测（细分） 🆕,,气派科技,688216,存储芯片常规封测,
pending,P2,3.8 存储封测（细分） 🆕,,颀中科技,688352,显示驱动封测/存储封测,
pending,P2,3.8 存储封测（细分） 🆕,,汇成股份,688403,存储封测配套,
pending,P2,3.9 存储上游硅片与衬底材料 🆕,,沪硅产业,688126,300mm大硅片（已列）,
pending,P2,3.9 存储上游硅片与衬底材料 🆕,,立昂微,605358,硅片（轻掺/重掺）（已列）,
pending,P2,3.9 存储上游硅片与衬底材料 🆕,,神工股份,688233,NAND刻蚀用硅电极材料，2025净利+146.54%,
pending,P2,3.9 存储上游硅片与衬底材料 🆕,,有研硅,688432,半导体硅片/区熔硅片,
pending,P2,3.9 存储上游硅片与衬底材料 🆕,,上海合晶,688584,硅外延片,
pending,P2,3.9 存储上游硅片与衬底材料 🆕,,中晶科技,003026,研磨片,
pending,P2,3.10 DDR5 内存配套芯片 🆕,,🌍 RCD龙一,澜起科技,688008 | DDR5 RCD/MDB/SPD Hub/TS,
pending,P2,3.10 DDR5 内存配套芯片 🆕,,🇨🇳 SPD EEPROM,聚辰股份,688123 | SPD EEPROM+TS温度传感器,
pending,P2,3.10 DDR5 内存配套芯片 🆕,,🇨🇳 PMIC配套,圣邦股份,300661 | DDR5 PMIC/内存电源管理,
pending,P2,3.10 DDR5 内存配套芯片 🆕,,🇨🇳 测试座,和林微纳,688661 | DDR5测试探针/测试座,
pending,P1,3.11 存储测试与老化设备 🆕,,华兴源创,688001,存储测试设备(NAND/DRAM),
pending,P1,3.11 存储测试与老化设备 🆕,,长川科技,300604,存储测试机/分选机，DRAM测试通过华为验证,
pending,P1,3.11 存储测试与老化设备 🆕,,联动科技,301369,存储芯片测试/老化,
pending,P1,3.11 存储测试与老化设备 🆕,,中科飞测,688361,存储晶圆量测检测（已列）,
pending,P1,3.11 存储测试与老化设备 🆕,,和林微纳,688661,存储测试探针/MEMS探针卡（已列）,
pending,P1,4.1 液冷散热（数据中心）,,英维克,002837,数据中心液冷龙头（冷板/浸没/氟泵）,
pending,P1,4.1 液冷散热（数据中心）,,高澜股份,300499,数据中心冷板式液冷,
pending,P1,4.1 液冷散热（数据中心）,,申菱环境,301018,机房精密空调 + 液冷方案,
pending,P1,4.1 液冷散热（数据中心）,,永贵电器,300351,液冷连接器/快接头,
pending,P1,4.1 液冷散热（数据中心）,,飞荣达,300602,液冷板 + 电磁屏蔽 + 散热,
pending,P1,4.1 液冷散热（数据中心）,,双良节能,600481,数据中心液冷 + 溴冷机,
pending,P1,4.1 液冷散热（数据中心）,,依米康,300249,精密空调 + 液冷方案,
pending,P1,4.1 液冷散热（数据中心）,,佳力图,603912,精密空调（数据中心温控）,
pending,P1,4.1 液冷散热（数据中心）,,海兰信,300065,海底数据中心（自然冷却）,
pending,P3,4.2 核电（AI 清洁基荷能源）,,中国核电,601985,核电运营龙头（中核集团）,
pending,P3,4.2 核电（AI 清洁基荷能源）,,中国广核,003816,核电运营龙二（中广核）,
pending,P3,4.2 核电（AI 清洁基荷能源）,,中核科技,000777,核电阀门,
pending,P3,4.2 核电（AI 清洁基荷能源）,,江苏神通,002438,核电阀门（市占率高）,
pending,P3,4.2 核电（AI 清洁基荷能源）,,应流股份,603308,核电铸件/零部件,
pending,P3,4.2 核电（AI 清洁基荷能源）,,久立特材,002318,核电管材,
pending,P3,4.2 核电（AI 清洁基荷能源）,,东方电气,600875,核电主设备（核岛/常规岛）,
pending,P3,4.2 核电（AI 清洁基荷能源）,,上海电气,601727,核电主设备,
pending,P3,4.2 核电（AI 清洁基荷能源）,,沃尔核材,002130,核电电缆料/热缩材料,
pending,P3,4.3 柴发 / 备用电源（数据中心）,,潍柴重机,000880,大功率柴油发电机组,
pending,P3,4.3 柴发 / 备用电源（数据中心）,,科泰电源,300153,数据中心柴发/备用电源,
pending,P3,4.3 柴发 / 备用电源（数据中心）,,泰豪科技,600590,应急电源车/柴发,
pending,P3,4.3 柴发 / 备用电源（数据中心）,,潍柴动力,000338,柴油发动机龙头,
pending,P2,4.4 储能 / UPS / HVDC（数据中心电源）,,科华数据,002335,UPS 龙头 + 数据中心电源,
pending,P2,4.4 储能 / UPS / HVDC（数据中心电源）,,科士达,002518,UPS + 储能 + 充电桩,
pending,P2,4.4 储能 / UPS / HVDC（数据中心电源）,,中恒电气,002364,HVDC 电源系统（巴拿马电源）,
pending,P2,4.4 储能 / UPS / HVDC（数据中心电源）,,盛弘股份,300693,储能 PCS + 电能质量,
pending,P2,4.4 储能 / UPS / HVDC（数据中心电源）,,易事特,300376,UPS + 储能 + IDC,
pending,P2,4.4 储能 / UPS / HVDC（数据中心电源）,,英威腾,002334,UPS + 工业自动化,
pending,P2,4.4 储能 / UPS / HVDC（数据中心电源）,,欧陆通,300870,服务器电源,
pending,P2,4.5 电力设备 / 变压器 / 输配电,,国电南瑞,600406,电力自动化/智能电网,
pending,P2,4.5 电力设备 / 变压器 / 输配电,,特变电工,600089,变压器/特高压/新能源,
pending,P2,4.5 电力设备 / 变压器 / 输配电,,正泰电器,601877,低压电器/配电,
pending,P2,4.5 电力设备 / 变压器 / 输配电,,思源电气,600517,输配电设备,
pending,P2,4.5 电力设备 / 变压器 / 输配电,,平高电气,600312,高压开关/GIS,
pending,P2,4.5 电力设备 / 变压器 / 输配电,,许继电气,000400,智能电网/直流输电/充电桩,
pending,P2,4.5 电力设备 / 变压器 / 输配电,,金盘科技,688676,干式变压器（数据中心专用）,
pending,P3,4.6 光伏 / 风电（AI 绿电保障）,,隆基绿能,601012,硅片+组件全球龙头,
pending,P3,4.6 光伏 / 风电（AI 绿电保障）,,通威股份,600438,硅料+电池片龙头,
pending,P3,4.6 光伏 / 风电（AI 绿电保障）,,阳光电源,300274,逆变器+储能系统全球龙一,
pending,P3,4.6 光伏 / 风电（AI 绿电保障）,,晶科能源,688223,组件出口龙头,
pending,P3,4.6 光伏 / 风电（AI 绿电保障）,,天合光能,688599,组件+支架+储能,
pending,P3,4.6 光伏 / 风电（AI 绿电保障）,,金风科技,002202,风机整机龙头,
pending,P3,4.6 光伏 / 风电（AI 绿电保障）,,明阳智能,601615,海上风电龙头,
pending,P3,5.1 研发投入强度 TOP,,寒武纪,688256,~180%,
pending,P3,5.1 研发投入强度 TOP,,芯原股份,688521,~40%,
pending,P3,5.1 研发投入强度 TOP,,金山办公,688111,~32%,
pending,P3,5.1 研发投入强度 TOP,,澜起科技,688008,~25%,
pending,P3,5.1 研发投入强度 TOP,,海光信息,688041,~25%,
pending,P3,5.1 研发投入强度 TOP,,中科曙光,603019,~10%,
pending,P3,5.2 研发投入绝对值 TOP,,中兴通讯,000063,200 亿+,
pending,P3,5.2 研发投入绝对值 TOP,,海康威视,002415,100 亿+,
pending,P3,5.2 研发投入绝对值 TOP,,京东方,000725,90 亿+,
pending,P3,5.2 研发投入绝对值 TOP,,中芯国际,688981,60 亿+,
pending,P3,5.2 研发投入绝对值 TOP,,紫光股份,000938,50 亿+,
pending,P3,5.3 顶尖团队 / 创始背景,,海光信息,688041,AMD x86 授权团队,
pending,P3,5.3 顶尖团队 / 创始背景,,澜起科技,688008,Intel/三星系高管,
pending,P3,5.3 顶尖团队 / 创始背景,,寒武纪,688256,中科院计算所孵化,
pending,P3,5.3 顶尖团队 / 创始背景,,中际旭创,300308,硅光子博士团队,
pending,P3,5.3 顶尖团队 / 创始背景,,立讯精密,002475,富士康系,
pending,P3,5.3 顶尖团队 / 创始背景,,中科曙光,603019,中科院计算所背景,
pending,P3,5.3 顶尖团队 / 创始背景,,龙芯中科,688047,中科院计算所,
pending,P3,5.3 顶尖团队 / 创始背景,,兆易创新,603986,海外半导体背景,
pending,P3,链路五：光通信升级周期,,细分环节,国产化率,卡位难度 | 弹性 | 核心标的,
pending,P3,链路五：光通信升级周期,,AI 训练芯片,~5%,⭐⭐⭐⭐⭐ | 极高 | 寒武纪/海光信息,
pending,P3,链路五：光通信升级周期,,HBM,~0%,⭐⭐⭐⭐⭐ | 极高 | 赛腾/雅克/华海诚科,
pending,P3,链路五：光通信升级周期,,光芯片 EML,~4%,⭐⭐⭐⭐⭐ | 极高 | 源杰科技/长光华芯,
pending,P3,链路五：光通信升级周期,,光模块,~30%,⭐⭐⭐ | 中高 | 中际旭创/天孚通信,
pending,P3,链路五：光通信升级周期,,存储主控,~10%,⭐⭐⭐⭐ | 高 | 联芸科技/国科微,
pending,P3,链路五：光通信升级周期,,交换芯片,~5%,⭐⭐⭐⭐⭐ | 极高 | 盛科通信,
pending,P3,链路五：光通信升级周期,,先进封装,~15%,⭐⭐⭐ | 中高 | 长电科技/通富微电,
pending,P3,链路五：光通信升级周期,,GPU,~2%,⭐⭐⭐⭐⭐ | 极高 | 海光信息/景嘉微,
pending,P3,链路五：光通信升级周期,,内存接口,~45%,⭐⭐ | 中 | 澜起科技,
pending,P3,链路五：光通信升级周期,,PCB,~50%,⭐⭐ | 中 | 沪电股份/深南电路,
pending,P3,链路五：光通信升级周期,,液冷,~60%,⭐⭐ | 中 | 英维克/高澜股份,
pending,P3,链路五：光通信升级周期,,光纤光缆,~40%,⭐ | 低 | 长飞光纤/亨通光电,
